﻿[
  {
    "outputFile": "css/Styles.css",
    "inputFile": "css/Styles.less"
  },
  {
    "outputFile": "js/jquery-ui.min.es5.js",
    "inputFile": "js/jquery-ui.min.js"
  },
  {
    "outputFile": "js/Accueil.es5.js",
    "inputFile": "js/Accueil.js"
  },
  {
    "outputFile": "js/Events.es5.js",
    "inputFile": "js/Events.js"
  },
  {
    "outputFile": "js/Galerie.es5.js",
    "inputFile": "js/Galerie.js"
  },
  {
    "outputFile": "js/GalerieEvents.es5.js",
    "inputFile": "js/GalerieEvents.js"
  },
  {
    "outputFile": "js/Main.es5.js",
    "inputFile": "js/Main.js"
  },
  {
    "outputFile": "js/Playlist.es5.js",
    "inputFile": "js/Playlist.js"
  }
]